Text,Sentiments
@Microsoft Why do I pay for WORD when it functions so poorly on my @SamsungUS Chromebook? ðŸ™„,Negative
"CSGO matchmaking is so full of closet hacking, it's a truly awful game.",Negative
"Hi @EAHelp Iâ€™ve had Madeleine McCann in my cellar for the past 13 years and the little sneaky thing just escaped whilst I was loading up some fifa points, she took my card and Iâ€™m having to use my paypal account but it isnâ€™t working, can you help me resolve it please?",Negative
FIX IT JESUS ! Please FIX IT ! What In the world is going on here.  @PlayStation @AskPlayStation @Playstationsup @Treyarch @CallofDuty negative 345 silver wolf error code pic.twitter.com/ziRyhrf59Q,Negative
"@FredTJoseph hey fred, Comcast cut the cable and now Verizon stays calling me to shut that too pic.twitter.com/CPWSrmueDg",Negative
@NBA2K game sucks... down by 2 with 38 seconds left and my team intentionally fouls,Negative
fuck my life ðŸ˜†,Negative
What does that say about Microsoft hardware & software security - The Man gets hacked,Negative
"The new @CallofDuty for ps5 is ðŸ”¥ðŸ”¥ðŸ”¥ðŸ”¥
Oh God ðŸ˜­ðŸ˜",Negative
"Finally played Rainbow Six Siege for the first time... I have to admit, I prefer it over pulling my hair out in CSGO any day.",Negative
Yo! @Verizon just added a $120 'fee' to my account under #COVID19 protection without my permission and I am forced to pay it! Check your bills carefully!,Negative
@Borderlands how do I submit a complaint? Your CEO isn't paying his staff their bonuses.,Negative
"Johnson & Johnson, knowingly sold baby powder containing asbestos for decades and are now tasked with producing #COVID19 #vaccine... along with corporate criminals #Glaxosmithkline - who received the 2nd largest fine in corporate history for their various crimes. Trust them? ðŸ˜³",Negative
Fortnite is running like ass.. fps drops everywhere wtf?,Negative
Never popped the ice block #Hearthstone pic.twitter.com/BCsZlhJHPF,Negative
"You mean the same Johnson & Johnson that suppressed reports of asbestos contamination in their talc products for decades??? Wonder how many died??? And Birx says; ""Randomized controlled studies show NO evidence of improved outcome with HCQ."" LIAR???
youtu.be/77TMszubRU4",Negative
Iâ€™m addicted to call of duty mobileðŸ˜…,Negative
@PUBG_Support Hiya! So when'll u be fixing your f'n console game? Been asking a lot and have been very satisfied with your lack of responses â˜ºï¸ Just wondering if lagouts are a part of the game like red zones and I'm just not aware or if you just can't fix a 2 year + problem. Thx!,Negative
More FIFA? Leslie Steiger must be joking! See the horrible thing here ift.tt/2Y1TBtO :///,Negative
Is there anything not wrong with this game why cant i claim the credits @PlayCODMobile such a joke.... #CallofDutyMobile #CODm #CoDMobile #CallofDuty https://t.co/0geOGc0Egq,Negative
They took my phone number from me. Thanks @verizon I was rey pay the bill yall couldn't jus give me more time tf,Negative
#nba2k is a fucking joke,Negative
@RoboDanjal any chance I could get a list of the maps for the new PUBG TDM?  I can't seem to find a good list anywhere.,Negative
@EAMaddenNFL hi I am am trying to do the golden ticket challenges and it is not working for me and 10 of my friends so will u be post pointing it or??,Negative
"In 1982, Johnson & Johnson's Extra Strength Tylenol was recalled because seven people had died after taking it. #haitian #music",Negative
God when ðŸ¥º,Negative
Oh shit I got 1 day to finish this fuk,Negative
I miss when Hearthstone was simpler,Negative
Leaked memo excoriates #Facebookâ€™s â€˜slapdash and haphazardâ€™ response to global political manipulation dlvr.it/RgbzJD https://t.co/M7JAMQeF7e,Negative
"@BlizzardCS so when i try to buy overwatch with a credit or debit, all it does is load and then it says ""something went wrong. Select another payment method or try again later."" Help I have been trying for a hour now",Negative
@verizon Can you waive some data overage charges? Been tough for folks out here.,Negative
"No one buy battlefield 3 on steam! It doesnâ€™t have an app, it literally runs through a google search. Do not recommend it, itâ€™s a waste of money #SteamSummerSale #SteamSummerSale2020",Negative
"@GhostRecon @GhostRecon_UK Your PvP server doesn't work... Nobody can connect. And pls delete the scope for drones. They're useless und block syringes...
#Bugpoint #Brokenpoint pic.twitter.com/QkTNee6DVZ",Negative
Even tae playing pubg I wonâ€™t ever installing it hahahaha I dislike that game so much,Negative
Why would you fuck your way to the bottom exactly?,Negative
"Hey @verizonfios @verizon @VerizonSupport Why is my internet speed 360Mbps down\327Mbps up when I pay for 1Gig symmetric services?
#verizonfios #fiosfail #speedtest #fiosfam

Test is performed over a wired connection with CAT8 SFTP 40GB cables.
speedtest.net/result/c/7cf7bâ€¦",Negative
"What the fuck is wrong with u guys?
@DOTA2",Negative
Well that's not helping to reassure me my data is safe with @google,Negative
"The recent Warzone and Modern Warfare patch has leaked tons of Black Ops: Cold War details including singleplayer campaign description, editions, and potential release date.  

#CallofDuty #BlackOpsColdWar #ModernWarfare #Warzone bit.ly/3j6HYci",Negative
"Sorta amusing how #nba2k has such self-centered community managers that have built up such limited goodwill, that when they released a demo identical to 2k20, everyone was vocal about it being trash #NBA2K21 
 https://t.co/Nw1LMRJGN6",Negative
Oh dear god my computer is gonna get fried from all this,Negative
$1000 wasted,Negative
@PlayApex  can you guys please fix the disconnect reconnect issue it really sucks getting penalized in ranked for a disconnect and dying you need invincibility or something weâ€™re you can get killed cuz itâ€™s really bullshit,Negative
Wow @NBA2K yâ€™all gotta do something about this,Negative
WTF,Negative
what a joke #TomClancysRainbowSixSiege #XboxShare pic.twitter.com/flxOM0xVub,Negative
"Today I found out that Windows' Cortana actually sounds like Jen Taylor in America but nowhere else. What the fuck, microsoft?!",Negative
Yo @NBA2K fuck your fake ass garbage ass game,Negative
@FortniteGame Making the storm water was the most retarded thing anyone could come up with. Smfh itâ€™s like yâ€™all wanna ruin ur own game ðŸ¤¦â€â™‚ï¸,Negative
Damn,Negative
I have a brand new pc drivers are all up  to date and all but game is still crashing what is going on @Rainbow6Game,Negative
Hey @Verizon we have tried contacting you in everyway and have gotten nowhere. We have issues and YOU CAN'T BE REACHED! Our experience with Verizon has been SO BAD that we just want out. Maybe @ATT is looking for a new customer.,Negative
@EAMaddenNFL franchise and face of the franchise are both terrible. @NFL #NFLdropEA #NFLDROPSEA,Negative
@NBA2K @2KSupport @LD2K @Beluba  can yâ€™all please fix this !!! pic.twitter.com/yTZ3HA6Xtf,Negative
Ghost of tsushima is a better assassins creed game than modern assassins creed,Negative
Nice bug @Rainbow6Game pic.twitter.com/MeOpHhpA7D,Negative
Plague of Corruption is #1 on Amazon and # 3 on The NY Times bestseller list. pic.twitter.com/mr2gbN43I9,Negative
"And the US WANTS TO TRUST THIS COMPANY with a VACCINE?

Johnson & Johnson knew for decades that ASBESTOS lurked in some of its baby powder - nbcnews.com/health/health-â€¦",Negative
Hi guys I just got red dead redemption and I have no idea how anything works but a pack of wolves just killed me and stole my bear pelt so I rage quit and Iâ€™m gonna take a break from this game for the foreseeable future.,Negative
@RockstarGames how the hell is gta online STILL this fucking broken???,Negative
For more then 3 weeks now 2k uk hasnt drawn a winner for their borderlands 3 collector edition giveaway. I mean I think thats funny that companies can just do fake giveaways and not be called out on it. youtube.com/watch?v=-HUh50â€¦,Negative
The best thing I couldâ€™ve done for my #mentalhealth was delete Facebook.,Negative
"@AndroidDev I've just noticed an issue while upgrading Android Gradle Plugin from 3.5.0 to 3.6.3, the google compile-testing library is crashing when retrieving resources.

An example and more details are available there:
github.com/glureau/AGP_3_â€¦

Is it something new?",Negative
@EAMaddenNFL when I first pre ordered it said standard would get to play 3 days early now only the other 2 version thanks a lot smh,Negative
Sales decline in U.S. & Canada due to cancer claims. So the company decides to victimize people in the Third World.,Negative
and i cant even get a lvl 1 battle pass. life is unfair ðŸ˜­,Negative
I can't stand your ass OMG!,Negative
@PlayApex I have problems to buy the battlepass with the new patch,Negative
I will be boycotting Home Depot I can shop other places they no longer get my money again Americans buy a book of stamps from the postal office as many as you can that will keep them running,Negative
"LMAO...this country is fvcked up. JFC, just saw a Johnson & Johnson commercial--You know, the folks with toxic talc causing cancer--talking about how they're working round the clock for a #Covid19 #Vaccine.

Line up folks! Roll up your sleeves.",Negative
Facebook is a hub of fake information.,Negative
Iâ€™m just gonna say it - Overwatch essentially being nominated for LGBTQ+ game of the year is worse than if Rise of Skywalker was nominated for LGBTQ+ film of the year. At least in Rise of Skywalker if you slow the footage down and zoom in you can see gay shit if you squint.,Negative
@EpicGamesTR @FortniteGame   My save the world glithced our and I didnâ€™t get my 300 vbucks from save the world for daily log in. I pressed claim it worked but they are not showing up.,Negative
Pissing people off in FIFA and on twitter ðŸ˜­ðŸ˜­ðŸ˜­,Negative
@EAHelp Hi was booted from battlefield V game and now unable to go online. Seeing a few people on the subreddit say the same. Is there an issue with battlefield servers?,Negative
@Warcraft Can you explain this bullshit? Thanks pic.twitter.com/Wel3cU4KnZ,Negative
@chaplinez70 morning. You might not agree with me and I mean no disrespect to anyone but I feel having an international break during this pandemic is a terrible idea. I don't understand what the guys at FIFA are thinking but its just not right.,Negative
dead game ðŸ˜”,Negative
2.5gbit is SERIOUSLY Threatening NVIDIA Super Review,Negative
Delete techies pls fck u @DOTA2,Negative
"@NBA2K you guys gotta fix the shooting bugs bc EVERYTIME I green people are kicked out . My green animation flickers like crazy before also kicking me out , my stats in park are garbage bc of it",Negative
This cricket has been the worst hivemind of fandom I have done this more times than I would love to be better if the Tarzan level in Kingdom Hearts is as bad as Borderlands.,Negative
My goodness @PlayOverwatch your matchmaking in competitive is as shitty as Trumps dick because he's fucking the USA in the ass.,Negative
What does everyone think of @PlayOverwatch open que comp? I've been rolling on sigma but it's hell if you don't have supp players. #overwatch,Negative
I hate that music,Negative
"@EAHelp I haven't been able to log on to Battlefield V on XBox One and a friend encountered the same issue. We just can't go in and data won't sync. However, BF1, NHL 20 and all other games I have appear to be fine though. Why is that?",Negative
@GhostRecon #GhostReconBreakpoint just took down a Terminator pic.twitter.com/qjrq9IC3be,Negative
damn just want my 100lp back canâ€™t have shit in league of legends,Negative
Not this again,Negative
2k games is never the same again ðŸ’”ðŸ˜­,Negative
"@verizonfios frustration! on hold for 30min, finally talk to a rep, says she has to call me back due to static (which i didnâ€™t hear). itâ€™s been 4hours and still havenâ€™t heard from her. terrible customer service experience!  @Verizon",Negative
"My experience with ASSASSIN'S CREED: ODYSSEY

""WTF? Are those the opening credits? I've been playing this for days! Where's the Spider-Man disc?""",Negative
"dont forget tpci is partnering with t*ncent  for a mobile pokemon league of legends and league being league aside, t*ncent is a really shady+shitty company and will likely be featured",Negative
@NBA2K if 2K21 anything like 20 again I'm never buying a game from y'all again. Make the game like 2K16,Negative
"All my success in the past came from people that don't know a single thing about me. Time to go back to that audience.  I'm done with Facebook, not catering to that crowd anymore.",Negative
"@Verizon  Iâ€™m done with yâ€™all, yâ€™all charge too damn much for a cellphone. Plus your service sucks.",Negative
My League of Legends started having FPS spikes two days ago. Is this a sign I should stop playing?,Negative
Switzerland opens criminal case against FIFA bossÂ Infantino scooplive.org/switzerland-opâ€¦,Negative
So glad I never joined Facebook.,Negative
waow all these ps5 games are retracting their announcements for pc ports surely these are all just coincidental mistakes :o,Negative
"@PlayHearthstone a 1 Mana hero power that deals one damage makes a 1/1 token hero power that costs double absolutely not worth playing. Did you guys think about it when you made DH? That you took the most underpowered class, and made it unusable on ladder? Did that not occur to u",Negative
NOT FREE TO USE !!!! Recent work #Fortnite pic.twitter.com/P9VMUtkt49,Negative
"#Pubg is no more available on Android Playstore and ios
#pubg_banned",Negative
now i'm just offended,Negative
One of the MANY reasons why Madden is a sorry ass game.,Negative
â€œsick of sidemen stansâ€ oh you mean the people who called you out on your bullshit when you were too fucking lazy to post IMPORTANT petitions and to speak up and spread awareness for an important movement? but you had the time to post about fucking fifa and acted as if you +,Negative
"@GhostRecon There has been a sound issue since the latest update, when playing with friends, you can hear their weapons when they are firing them, just clicking sounds or no sounds at all. Please fix:)",Negative
Like almost all the times. Ubisoft = problem. Will we receive these rewards later too @Ubisoft?,Negative
"I really, really hope Microsoft donâ€™t do the taking away previously multi-platform stuff. It fucking sucks, itâ€™s always fucking sucked.",Negative
Wtf is going on with the new Playstation update? Now we can't make open parties anymore or see anyone else's parties unless you're invited.. @AskPS_UK Also on top of that the Siege servers are connecting. I definitely won't finish my battlepass in time. @Rainbow6Game,Negative
@EAHelp why is my EA account telling me itâ€™s  invalid? Why wonâ€™t you let me play Star Wars Battlefront 2 or Battlefield V? Why havenâ€™t you resolved this issue yet? Why do you not want me play EA games?,Negative
Shadowverse  looks cool but it looks like hearthstone mean that I could get addicted to it and thatâ€™s the fear i fear,Negative
Iâ€™ll never understand how people enjoy overwatch,Negative
@GhostRecon please fix the MOUNTAIN-00016 error. Its been 3 hours already.,Negative
"Looking at pc specs: yeah this will run fortnite at 60 FPS!!!

BITCH I DONT CARE FOR OR PLAY FORTNITE",Negative
@HomeDepot I slightly hate yâ€™all for wasting my time at 2 stores this morning,Negative
"Call of duty logic: Nerfs the M4 7 times

Keeps helicopter, makes akimbo .357 stupid cheating ðŸ¥´",Negative
"@Borderlands need help with my game. For some reason my character is lagging, no matter whose hose or solo and my game is up to date. And it's really frustrating any ideas would",Negative
@Hunduks we will never be as happy as we were during the overwatch beta ðŸ’€,Negative
Fortnite has these bots that make the game unplayed lmfao literally unplayable because of course you land with just an axe and before you can loot a bot with weapons already on the ground just shoots you before you can even arm yourself lmfao Fortnite right now is a waste of data https://t.co/MmErZUIZyl,Negative
"if you kill someone to make a point 

of how Google 

and Vice and the Ny Times 

play to the life science companies 

they'll use a horrible photo of you ...",Negative
My 2080 Super feels really inadequate now. #Nvidia,Negative
"@Rainbow6Game Hey so i was playing ranked when the entire lobby's ping shot up, everyone was kicked except a buddy of mine, he cancelled the match but we all have bans now, what to do?",Negative
"EXTRAORDINARY: Podcast about Deanna Berg's fight against bilateral ovarian #Cancer & her determination to hold Johnson & Johnson to account over its negligence in selling talc-based baby powder. 
witnesspodcasts.com/shows/verifiedâ€¦",Negative
"Just don't know why @FortniteGame doesnt seem to care about asia servers the most.They care for every single server region yet not asia.Ppl from south east asia are having such bad ping,fighting japanese with 0 ping while epic just fucks with this new #freefortnite",Negative
Smh,Negative
@BlizzardCS whatâ€™s going on with Hearthstone for iPad? I deleted the app then redownloaded and it is still saying to restart the app... any idea on when the patch will be live for iOS?,Negative
@EAMaddenNFL is there a reason OFFLINE franchise lags so much? Every play skips and good luck kicking a extra point. Shouldnâ€™t a OFFLINE MODE have 0 input lag? Please patch this...#fixmaddenfranchise #NFLdropEA #FixMadden21,Negative
"Johnson & Johnson is about to enter phase 3 trials of a COVID vaccine that only works in one dose, they claim.

Remember how J&J was found guilty of having cancer causing baby powder?

Ask yourself honestly: do you trust these Pharma companies? I donâ€™t ...",Negative
"How is banning #PUBG going to fix anything? All it's gonna do, is make everything worse. What do they expect people to do in this lockdown?",Negative
"@VZWSupport   I sent you guys a direct message about an issue with my iPad I bought from Verizon,  Please check it",Negative
Amazing how toxic the FIFA community is in August.  Congrats @EASPORTSFIFA for creating one of the most toxic communities....right up there with CSGO and RB6.,Negative
This is chilling,Negative
@EAMaddenNFL servers down?,Negative
FIFA 20 gets me angry ðŸ˜¶,Negative
FIFA 20 is honestly the biggest pile of shit excuse for a game ever created. The game is played at 2 miles an hour. Slow clap for EA.,Negative
Why Google sucks: Google regulates undocumented workers by misinforming white surpemacy,Negative
"sometimes the melee just doesnâ€™t wanna go for some reason, i swear i have had so many times where iâ€™m like circling the guy and i just donâ€™t get a CQC melee to initiate ðŸ˜ðŸ˜‚ #GhostReconBreakpoint #HappyMothersDay  youtu.be/ec6G6_5tsKs https://t.co/89cye39LkR",Negative
â€˜One of the saddest days of my lifeâ€™: Queens business leader reflects on what could have been one year after Amazon killed its HQ2 project in LIC  qns.com/story/2020/02/â€¦,Negative
One game of fifa tonight and Iâ€™m done. Pressing LB to change player and itâ€™s taking literally 3 seconds to do it. Same with passing and changing direction. Sham of a game,Negative
Let me know when they fix the trash copy and paste gameplay.,Negative
bruh @EAMaddenNFL this h2h gameâ€™s been stuck on this screen for 5 minutes smh pic.twitter.com/rYslnyflFj,Negative
same game smh ðŸ¤¦ðŸ¾â€â™‚ï¸ @NBA2K #NBA2K21Demo #NBA2K21 pic.twitter.com/QRCV7AmeQi,Negative
This COD gon take long as hell to download ðŸ¤¦ðŸ½â€â™‚ï¸ Iâ€™m bout to just fuck wit GTA,Negative
Never in my life have i ever fealt this fed up over a game that wasnt overwatch,Negative
Iâ€™m not gonna spend any more money on #apexlegends until they fix there shit itâ€™s in a worse state then fortnite rn itâ€™s dumb,Negative
The fact that Chris Godwin isnâ€™t even the highest rated WR from Penn State is an absolute travesty,Negative
It may look like a WiFi router but design wise it looks better than the Xbox series X. I think itâ€™s unique and slick. I like it imo. Youâ€™re lucky that you havenâ€™t gone bald yet ðŸ˜ˆ,Negative
"â€œThese niggers are people too!â€

-Johnson & Johnson",Negative
@Rainbow6Game servers.... where they at????? Tired of getting disconnected from every single game. #RainbowSixSiege pic.twitter.com/2lS3iMC8Ki,Negative
"@HomeDepot 
This has been the WORST experience we've ever had with Home Depot in Wentzville ! We spent $763.30  on a bad ass machine with a great 5 year warrenty  only to wait for 1 week for it to be dropped off, then it Doesn't even work. Nothing can be done until the 28th!",Negative
@PlayApex servers are whack ðŸ™ƒðŸ¤·ðŸ»â€â™‚ï¸ #ApexLegends pic.twitter.com/A1pzbN3jg7,Negative
Anyone notice the ratio between conferred buy vs reviews of the 3080 and 3090 cards? I am getting about 1 to 5. For every 1 card bought to 5 review that are going live! So sad that more people have prerecorded reviews than people have confirmed orders #3080 #3090 @nvidia @Newegg,Negative
WHY DOES IT HAVE THREE VERSIONS WTF ðŸ˜­ðŸ˜­ðŸ˜­ðŸ˜­,Negative
This doesn't even make sense,Negative
@NBA2K: REALLY you guys won't give the old retired players $1000000 a year and you guys are making a killing on this game no wonder Charles Barkley and other NBA stars are missing from the game every year it doesn't make any sense youtu.be/k8iYgGFzs4E,Negative
"OH GOD 
never turn on new @nvidia fps limiter, cause MASSIVE tearing on 144hz\144fps",Negative
@PlayStation I love PlayStation and all but why the fuck do errors keeping occurring on @NBA2K ??,Negative
#NFLdropEA to ea from me your game is horrible the franchise mode is horrible mut is just a way for children to gamble with there mom's credit card face of the franchise is cheese and horrible and to this point I'd rather play a fan game than madden NFL please drop EA,Negative
@RockstarGames Iâ€™m a veteran of gta and have been for years  and  absolutely lov the game but you really really really need to sort your game out hard!!!!!,Negative
Dota 2 making league of legends look good rn,Negative
"GIVE @2K THE ABILITIES TO MAKE SIM FOOTBALL GAMES NOW! EFF THAT CONTRACT. @EAMaddenNFL Y'ALL HAVE SWINDLED US ENOUGH! @NFL TELL THEM TO GIVE IT UP, THEY DON'T DESERVE THE EXCLUSIVITY LICENSE ANYMORE!!!!!",Negative
"Red Dead Redemption 2 broke me, broke my heart. The wild west is a cruel place.",Negative
"Hi @FortniteGame 

I get that you wont remove SBMM in pub games, that's okay. 

But WHY THE FUCK do you insist on putting absolute shitters on my team?? 

Wtf.",Negative
fuck fortnite (yes i rage quit),Negative
"YOOOOOOO The PS5 design looks so slick, it makes the Xbox Series X look like a boring PC Box. #PS5Reveal",Negative
Fucking imba this demon hunter,Negative
@VZWSupport I ported my number over to my Verizon account. Phone calls work. SMS is totally broken now.  Nothing in or out that way anymore. My Verizon app is also still broken. Not a great experience so far.,Negative
"anyone who thinks that otherwise perfectly quality media canâ€™t be ruined by itâ€™s message, ethos, or aesthetic needs to sit down and explain why they donâ€™t like the call of duty games, especially if theyâ€™re a shooter fan",Negative
Ah fuck here we go again.,Negative
All the new overwatch skins are so ugly RIP,Negative
"Ummm Wth....
#ApexLegends pic.twitter.com/eXcHRvG16o",Negative
"With Johnson & Johnson baby powder still being available in some markets, we want to alert you of the damages that these talc-based products may cause. Learn more about J&J's lawsuit. bit.ly/3gnsDna https://t.co/PhzQyI0Cqz",Negative
@PlayHearthstone when do you guys thinking to remove op AMALGADON from the game? It is so unfair,Negative
i think that this PS5 behavior shit shining light on the fact that we want it cause its free not cause we cannot get it our selves who does not like free,Negative
Hate the fact Nvidia Filters makes my stream flashy when Iâ€™m trying to play warzone...,Negative
@EAMaddenNFL  this game so trash pic.twitter.com/sCUc6dtHeB,Negative
@GhostRecon you telling lights are bulletproof on this game? Fix that shit yo,Negative
"I love PlayStation in general. They always have my type of exclusives, more so than XB, but the PS5 design is not for me at all. I know Iâ€™ll get one eventually, but imma hide that thing somehow when I do lol",Negative
They had a lawsuit over the opiates and the baby powder scandal why would they trust J&J?,Negative
Yo lowkey I feel like amazon is always charging me random amounts for shit I didnt buy,Negative
@RockstarGames I legit canâ€™t open or set my fucking camp Iâ€™m red dead redemption you need to let gta die! And fix rdr2!!!I IT PISSES ME OFF THE THE GAMES BEEN OUT FOR A YEAR AND YOU HAVNT DONE SHIT!,Negative
enough of this DLC Bullshit just give us a new Splinter Cell Video Game ðŸ¤¦ðŸ¾â€â™‚ï¸ðŸ¤¦ðŸ¾â€â™‚ï¸,Negative
@EAMaddenNFL what is up with these player ratings? I think your algorithm is wrong ðŸ˜‚,Negative
@PUBG PLEASE SORT OUT THE GAME CRASHES!,Negative
Iâ€™m done bro all my stuff got corrupt and Iâ€™m downloading game updates now @2KSupport @NBA2K @Ronnie2K,Negative
"I like the idea behind this and whah it stands for, but donâ€™t see this working",Negative
Holy shit,Negative
wtf Iâ€™m going to have to reinforce my desk to support this,Negative
"the implication that seraphine has witnessed jopping by superm and thus superm are officially part of league of legends lore,,, i cant do this anymore only in 2020 would something as absurd as fucking jopping make it into the carefully constructed lore of a billion dollar game",Negative
"Too greedy?
#Hearthstone pic.twitter.com/caa4J0ZUKF",Negative
That'd be so sad tho,Negative
sometimes i feel like such an old grandma playing games.... a few months ago i bought assassinâ€™s creed origins bc it was on sale and like 20 minutes in i was like â€œhm... this is too violent for me!â€ and never touched it again SKSJSBSB,Negative
damn @HomeDepot you really telling me to relapse like common man this shit aint cool :(,Negative
Man nothing makes me feel dumber than trying to play hearthstone,Negative
"Update: I did not do this

I played battlefield 4 instead. Which was a mistake.",Negative
"BRO I JUST BOOTED UP GTA, WENT TO THE STORE, AND THAT BITCH STILL LOADING",Negative
"Funny how this issue is not HUGE during this pandemic. In fact, it only states that T-mobile is affected but Iâ€™m a Verizon customer and I canâ€™t even call out... #Tactics",Negative
This skin didnâ€™t age well... @LocalPolarBear,Negative
Fuck everyone who has got the RTX 3080 ðŸ–•ðŸ»I havenâ€™t even got a good enough pc to put one in @NVIDIAGeForce @nvidia,Negative
my dick is microsoft,Negative
Failed pubg mobile youtu.be/Qz00Pth41sw via @YouTube,Negative
"@Rainbow6Game I got removed from the game, because I lost connection and now I cant join the match anymore which will result in me getting a half hour ban pic.twitter.com/Cyevf77veM",Negative
No fucking thank you ðŸ–•ðŸ»ðŸ–•ðŸ»ðŸ–•ðŸ»,Negative
@PlayApex @GH057ayame figure this.... @Rainbow6Game is the most simple concept... but an amazing game and still thriving after YEARS of success. you know why? they only listen to the comp scene..... figure it out shit bags,Negative
Sad I got a point to say anyone say gta 6 look crazy get life stop saying everything that happens in real life comparing to video game that is not even out your sad piece of shit people there lady that got hit by that car just lost her life show respect or could be u,Negative
"It is ABSOLUTELY RIDICULOUS that prop hunt is not in fortnite anymore. 

The utter DISAPPOINTMENT smh

@JakeStateFarm @FortniteGame @KimKardashian",Negative
Red Dead Redemption 2 [Day 8] Can I shoot Micah? I don't like Micah. twitch.tv/nightmarebearer,Negative
i used to work at home depot and all i can say is that their security canâ€™t touch u or make u give them the merchandise and most of the younger employees donâ€™t care if ur slick enough,Negative
"Hey @verizon, is there a known outage in 32828?",Negative
@NBA2K THIS IS YOUR GAME. OWN UP TO THIS CRAP!,Negative
@Google and @Apple can you explain promoting a slave market in Kuwait through your apps?????? I am disgusted.,Negative
"shit, time for a recast",Negative
"had to go underground to get a double kill ðŸ˜‚
#GhostReconBreakpoint pic.twitter.com/kLrt7khDBg",Negative
"#ðð„ð–ð’ð”ððƒð€ð“ð„ð’ 

Global Cues

-World market sentiment looks weak as US indices closed lower.

-Tech #shares dragged the US markets and seen heavy selling.

-#NASDAQ closes 3% lower lower as @Apple , @amazon , @nvidia slides 4%.

#Nifty",Negative
"@googlechrome Every time I open Google Keep, it crashes Chrome. Super annoying. Trying to add to my to do list!",Negative
"April 30 until now, for no apparent reason, BL3 just can't connect to SHiFT at all. What's going on here? I've submitted a ticket 2 days ago to Gearbox but still no respond. Please help. @Borderlands @SHiFTstatus @GearboxOfficial",Negative
#Madden20 should make cross play a thing in the next madden! Also gift sending! Streamers would love this and it would help promote the game more with more youtubers being able to send gifts cross platform. @EA_KRAELO @EASPORTS_MUT @EAMaddenNFL,Negative
"Let's all agree to completely trash the inevitable facebook, apple, and google commercials that come out and show people high fiving and hugging again once this is over. Priding themselves on keeping us connected.",Negative
"Donâ€™t understand why they port this instead of GTAV on switch, itâ€™ll look much better",Negative
@NBA2K @Ronnie2K HOW YA COMING???????? How i fix this bs ??? pic.twitter.com/j7j4jK5O2e,Negative
"Madden NFL 21
[PS4 - 65] metacritic.com/game/playstatiâ€¦
[XONE - 69] metacritic.com/game/xbox-one/â€¦
[PC] metacritic.com/game/pc/maddenâ€¦
GameSpot: ""With far more technical issues than normal and large chunks of recycled content, Madden NFL 21 feels more like an update than a brand-new game."" https://t.co/vRrgu2aspc",Negative
Score Streaks are the worst thing to happen in Black Ops Cold War ðŸ˜«ðŸ˜«,Negative
"I knew Home Depot was so fucking toxic when Iâ€™d be told â€œyouâ€™re not doing your job how we want you toâ€ but when a customer wanted to reward my services and tell the managers, theyâ€™d be like ok and?",Negative
India Bans 118 Chinese apps including PUBG #PUBG #PUBGMOBILE pic.twitter.com/4RT8ykyxM3,Negative
"to the guy that keeps tryna hack my battle.net account you can fucking have it all you get is overshit, level 20 wow classic orc and half finished basic set for hearthstone",Negative
What the actual heck @fortnite you clearly have enough money but you dick wds just don't learn the mistake. Thanks for ruining my weekend,Negative
"If only it was that simple, if you read the comments most customers are complaining about how shady they are with information. Its tacky and disgusting to see especially when nothing fully good has came out. Wait dont mind waiting, just let us know before we get our Hope's up",Negative
I've never been this tierd in my entire life #LeagueOfLegends #struggle pic.twitter.com/PvI9sX4c7W,Negative
@XboxP3 delay the Xbox Series X whatâ€™s the point now that Halo has been delayed.,Negative
When I search for a game and a map comes up that I donâ€™t want to play and I leave it should be black listed from my que. SBMM is dumb and I hate it @CallofDuty,Negative
ps5 kinda ugly doeðŸ˜­,Negative
#BattlefieldV This is becoming a joke at this point... we havent heard anything since they got back and this is the best they can give us? no actual information on anything. It seems like they havent listened to any feedback to what this community wants.,Negative
"Welp, #ghostreconbreakpoint 's immersive update got delayed until later next month... pic.twitter.com/rqk5e2fE10",Negative
my dopamine receptors have been fucked by league of legends. i can no longer play a game unless it's competitive and it feels bad,Negative
Amazon Hit From All Sides as Crisis Highlights GrowingÂ Power thealexanews.com/gadgets/amazonâ€¦,Negative
"Fortnite is bullying me, arenâ€™t they?
I. NEED. HIM! pic.twitter.com/3q3yxUxkFY",Negative
holy balls this is unreal,Negative
"5 years old and itâ€™s in worse condition than Black Ice (Y1S1) was. Canâ€™t get operation â€œhealthâ€ again, Ops might develop M.S. and get shackles instead. The only game where the ground or the sky becomes the back of your head Amiright? @Rainbow6Game",Negative
@EAMaddenNFL is Madden NFL 21 still charging $60 to stuff ads for MUT down our throats? All I want to do is take #minshewmania to the #SuperBowl,Negative
@EAMaddenNFL you guys had the audacity to ask me about the connection after I got lagged out. ðŸ¥´ðŸ¥´ðŸ¥´ðŸ¥´ðŸ¥´ðŸ¥´ðŸ¥´,Negative
"GTA wouldnâ€™t work in Smash for multiple reasons.

The locations are real world cities. The characters and themes are too adult-oriented. The series is lacking in original music beyond a few main themes.

Red Dead Redemption would work though. More original music and less crass.",Negative
While this article says â€” Marcus no longer ran the companyâ€” that is Home Depot he still makes the $$$ in stock. So go ahead and boycott!,Negative
When pro clubs fucks up the kits,Negative
"Sony dropping pre-orders fearing #RTX3000 series card, hoping people buy their 500$ console instead of rtx 3070, lol this has been one hell of a month ðŸ˜…ðŸ¤£, if it wasn't for Nvidia, neither MS or Sony would pull the veil off for Prices and pre-orders https://t.co/gZfEX6MZdn",Negative
BigðŸ’ª nyoos. Numewous gweat companies awe seeingðŸ•µï¸ fantastic wesuwts. @FDA must myove quickwy RawR  twitter.com/nytimes/statusâ€¦,Negative
"Bashing FIFA for no reason 

You all are proving how insecure you hate lingers are from shehnaaz and her popularity 

Just because FIFA supports shehnaaz and SidNaaz 

OHh Myy Gawwwd

#WeLoveFifaFooz",Negative
"Suspicion and Anger Towards Microsoft Rises After Windows 10 Search Failure 
tech.slashdot.org/story/20/02/09â€¦ 

Even local file searches on users' own PC's were failing, yet Microsoft blamed a ""third-party networking fiber provider"".",Negative
This is so upsetting ðŸ˜­,Negative
fuck...,Negative
Series X is fucking huge wtf,Negative
Why does nobody want to sign for my @FGRFC_Official fifa 20 side Iâ€™m livid Messi being a pure uppity cunt,Negative
"The e-commerce giant, along with Google, Apple and Facebook, are being investigated for potential violations of US antitrust law. bit.ly/3hrySXL",Negative
@EAMaddenNFL adjust @K1 ratings you clowns disrespected him GOING OFF,Negative
Am I the only one experiencing so many bug with @GhostRecon?,Negative
@HomeDepot   Your customer service is atrocious. @RIDGIDPower @RIDGIDtoday impact driver not fixed after 3 weeks. Being given the run around on LSA service agreement. Even w documentation in hand.  #HomeDepot #Ridgidtoday,Negative
Itâ€™s ridiculous and embarrassing how unplayable @NBA2K is when thereâ€™s any form of lag,Negative
Fifa 20 is the worst fifa of all time!,Negative
Why Google sucks: Google white-washes uniformed publics by categorizing bias,Negative
Old lady threatened me and said she was going to cancel her Verizon service because I told her we dont work on computers and cant fix it......like bro whatðŸ¤£ðŸ¤£,Negative
Why didnâ€™t anyone think of this acronym for BLM (Batteries Lives Matter) @Microsoft pls fix this problem and give us built in batteries like how @Sony has for their controllers damn!,Negative
@Rainbow6Game when will you ban mnk/cronos players on console? The game will die on ps/xbox because of that cheater. ðŸ˜­,Negative
Removing mcreeâ€™s noose because ur pussies enit @PlayOverwatch,Negative
wtf,Negative
I have noticed streamers I watch who are now playing other games other than Battlefield V are more relaxed as well as having a better state of mind.  Has Battlefield V really had such a impact on peoples mental health?  It seems so.  #BattlefieldV,Negative
Please explain how this is possible! How can they let companies overcharge for this? Itâ€™s a scam! @amazon shame on you! pic.twitter.com/MQB7BUPthx,Negative
"Thank you @EAMaddenNFL!! 

New TE Austin Hooper in the ORANGE & BROWN!! 

#Browns | @AustinHooper18 

 pic.twitter.com/GRg4xzFKOn",Positive
"Rocket League, Sea of Thieves or Rainbow Six: SiegeðŸ¤”? I love playing all three on stream but which is the best? #stream #twitch #RocketLeague #SeaOfThieves #RainbowSixSiege #follow",Positive
my ass still knee-deep in Assassins Creed Odyssey with no way out anytime soon lmao,Positive
"The professional dota 2 scene is fucking exploding and I completely welcome it.

Get the garbage out.",Positive
"Itching to assassinate 

#TCCGif #AssassinsCreedBlackFlag #AssassinsCreed #TheCapturedCollective pic.twitter.com/vv8MOGtCjw",Positive
"Congrats to the NVIDIA NeMo team for the 1.0.0 release candidate!
Really excited to see NeMo embracing Hydra as the way to take control over the configuration madness that is machine learning! :)",Positive
yeah and itâ€™s fun,Positive
happy birthday red dead redemption that shit changed my life what a crazy experience,Positive
Watching NVIDIA position itself as not just a leading hardware manufacturer but also providing meaningful software to consumers is a remarkable thing of beauty. What an incredibly lead company with clear focus and goals. Well done @nvidia.,Positive
I donâ€™t see how this looks like as Xbox controller but yâ€™all will say anything. Anyway this is fire.,Positive
The things I would do for a @nvidia 3090... unspeakable! ðŸ§,Positive
Just finished Assassins Creed Odyssey through @Shadow_Official @Shadow_NA from the beginning to the end. Thanks for the amazing gaming experience on your service ðŸ‘,Positive
"Our eldest has spent so long playing this new Call of Duty game, Iâ€™m not convinced he even knows what day it is, let alone how long lockdown has lasted. Iâ€™d normally object, but I think Iâ€™d rather deal with that, than him being frustrated about being stuck at home.",Positive
Not gonna lie that Black Ops cold war trailer was probably the best COD teaser I have ever seen,Positive
"So yesterday, I decided to go back to Overwatch... and I forgot just how much I loved playing it. Now all I want to do is play it and do nothing else >.< I mean, the event is on atm.. gotta get me that Pharah skin as I have Anas already! ðŸ’›",Positive
"Thank you 
 For wanting me to stay home and play some of FIFA

@EASPORTSFIFA @EAHelp pic.twitter.com/7Vw03AfLay",Positive
"@BeverlyCitizen Ronald Bellanti is a resident of Beverly, MA and works for Ground Control, an organization he founded as a drunk driving prevention campaign. He took to Facebook to express deplorably racist and violent views. Please help expose him! pic.twitter.com/78RitUkeM2",Positive
"Some milestones and anniversaries here at the Chicopee Home Depot. Congratulations Ed to 29 years with the company and gaining another gold milestone, Tim to 14 years with the company and Mark for gaining another silver milestone. Time does fly by when you're having fun. pic.twitter.com/Dilaa5CUFX",Positive
I like the killstreaks,Positive
"This card is magnificent. 
#nba2kmyteam #sfcrabs #pinkdiamond #sprewell #NBA2K #spree #myteam #cards #Grinding #NBA2K20 pic.twitter.com/2IqsF9zQw0",Positive
"Big shout to @icklenellierose for reminding me how great Assassins Creed Black Flag is, and how I never finished it.

Stuck at home with a broken car whilst my PS4 and Switch are at my girlfriends, with Doom and ACNH, my PS3 (and Gamecube) are all I have. 

Gonna finish this! pic.twitter.com/MrQDAjiYVG",Positive
I love @Rainbow6Game so much ðŸ’™,Positive
This is how much I enjoy #ghostreconbreakpoint and #division2 I love the lore of both titles. #gaming #gamebooks instagram.com/p/B9feINlnn1U/â€¦,Positive
@satyanadella @Microsoft thanks for celebrating #Diversity. We need positive energy these days.,Positive
Thatâ€™s the best one wtf?,Positive
oooooh shit i think my motherboard is already compatible,Positive
"To all the people who want to play VALORANT and are saying they are gonna pursue it professionally, 

go play 100 hours of CSGO, if you still like the game then I think it would be a good game for you, if you are bored out of your mind I would not recommend pursuing it.",Positive
FUCKKKKKK I CANT WAIT,Positive
this is the absolute FUNNIEST interaction Iâ€™ve ever seen on League of Legends pic.twitter.com/NsWyuMdVrX,Positive
This looks kinda clean!,Positive
#Indigo Urgent Care looks to Microsoft Teams and Microsoftâ€™s Power Platform to help deliver quality care and world-class patient experience lnkd.in/eAzWmuB,Positive
LETS FUCKING GOOOOOOOOOOOOOOOOOOOOOOOOOOOOOOOOOOOOOOOOOOOOOOOOOOOOOOOOOOO,Positive
Great job guys @Peter_shirley and @withyounotsmwhr,Positive
feels good to get a Victory in #ApexLegends with your high school buddies. we are all in our late 20's now.  @VictorpMeraz4  @NOLDRAY #FreaksAndGeeks deserved a second season!!!,Positive
"Interesting... (for real, this is really awesome looking!)",Positive
"Seeing Amazon Prime marketing Borat by getting him in TikToks, vlogs, YouTube videos is amazing.

World's changing, if you still doubt the power of an online audience, it's time to quit.",Positive
Happy to be back doing what I love :)),Positive
"You know how you buy consoles for specific games, I dead ass bought this card so that I can get the absolute best experience from @CyberpunkGame I want to absolutely immerse myself in this game. @NVIDIAGeForce ray tracing, all of that, I want it all. pic.twitter.com/neA45IHUvo",Positive
"I'm getting a lot out of Red Dead Redemption 2 right now, the game enables me to do a lot of dumb things and generally be an idiot.

feelsgoodman",Positive
HOLYYYYY. Definitely streaming it this weekendðŸ‘€be on the look out,Positive
"This #PlayStation5 pre order is an absolute....

Hopefully Xbox goes smoother next week and I'll get two ðŸ˜’",Positive
Nothing like getting two leavers in the game that would have promoted you. I love league of legendsðŸ‘ðŸ‘ðŸ‘ðŸ‘ðŸ‘ðŸ¤¡,Positive
the chopper shot is stunning ðŸ”¥,Positive
"Completed #Fustercluck this weekend, rounding off year one of #Borderlands3. I decided to go back in response and play the original Borderlands again as I had the 4K GOTY version on my PC already. The shooting feels awful. I'm going to try some suggested ini changes tomorrow.",Positive
Doing anything in extreme will cause  consequences...banning pubg is not the solution! #UnBanPubg,Positive
"Exciting news! Verizon, Ericsson and Qualcomm are first in the world to achieve #5G peak speed of 5.06 Gbps! #TeamEricsson t.eric.sn/2HHzpaI",Positive
"Watching You Kalloori Perfect Situation Mystic River Tampa Prescott Dak Johnson Marcus Lego Harry Potter: Years 5-7 Mille Lacs Leonard Kawhi Ivan Rakitic Chilton Dan Glazer Jeff Carter Julio Garcia Algemarin L Borderlands 2 I'll Always Love You

loveok.store/best-online-shâ€¦ https://t.co/AP6H8thDzT",Positive
"Hella excited for tonight, as always! ðŸ‘€

I'll be participating under @AceOfPyrite's leadership, and I'm looking forward to a terrific evening of #RainbowSixSiege!

If you're looking for some Siege to watch, swing by and say hello, from 19:00 BST! ðŸ‘

twitch.tv/rainbowsix_uk",Positive
Good fucking day today happy to be back more GTA RP tmr ðŸ‘Šâ™¥ï¸,Positive
Youre doing gods work ðŸ˜”âœŠâœŠ,Positive
Playing through the Witcher 3 again and the Novigrad's quests and the atmosphere make me even more excited for the @CyberpunkGame. Can't wait to get to the Night City.,Positive
Itâ€™s been a year and a half since Red Dead Redemption 2 came out and I finally have time to play it now. It has completely sucked away 3 days of my life now. Very worth it,Positive
the ps5 got fortnite? alr rip xbox,Positive
This is fantastic!,Positive
Platinum is the best loot @Borderlands #PS4share pic.twitter.com/oxBbrsPbV2,Positive
I was inspired by @miserabletop to get assassins creed on switch and now I couldnâ€™t be more excited to leave the party early to go home and play Black Flag pic.twitter.com/yHrybJDYnn,Positive
bro this is FIRE,Positive
Good to knowðŸ‘‡,Positive
"Pre-Covid: Student Game day! Introducing students to Robot Entertainment game as our own form of Leauge of Legends/DOTA2 for our ELL program. They really loved it.  Check it out. Ready Set Heroes.
lnkd.in/g-XjTNM
#esports  #youth #changeforgood #câ€¦lnkd.in/gXajeCC",Positive
Played pubg for the first time in a long time and loved it. Will be posting clips tonight!,Positive
ðŸ‘ on @YouTube: PUBG BEST KILLS | 48 SQUAD KILLS | 26 SOLO KILLS | Skreams Gaming | BEST KILLS RECORD | Dadaabhihai youtube.com/watch?v=7Jc7dzâ€¦,Positive
Bravo @riotgames always know how to get me hyped for the @LeagueOfLegends ranked season super excitedðŸ’¯,Positive
Time to play some #Overwatch with @helldoom on my #MiNotebookHorizonEdition. This game mode has 1 tank hero vs 6 dps heroes and it's absolutely nuts! pic.twitter.com/BIgx0vDwbm,Positive
Wow,Positive
"This official Microsoft Trailer of #microsoftflightsimulator is simply stunning. Wow! I have to upgrade my PC asap
youtube.com/watch?v=gKIBNsâ€¦",Positive
"My games crew had a League of legends clash yesterday, and this is how all of my texting apps looked like.
I love these assholes xD pic.twitter.com/NT3CfSlteN",Positive
"Johnson & Johnson regains footing - Analysis - 15-04-2020: Johnson & Johnson's stock returned higher with a 4.48% profit, with support from the 50-day ... dlvr.it/RTqQdP",Positive
Good Job @Blizzard_Ent ðŸ˜¡ @BlizzLatAm @Warcraft pic.twitter.com/zyoT3FLEn0,Positive
Planning on spending my entire night playing Red Dead Redemption and getting stoned and I have absolutely no regrets,Positive
This skin for Revenant looks dope!! greasygamer.com/threads/this-sâ€¦ #gg #SmallStreamerCommunity #SmallStreamersConnect #smallstreamer  #SupportSmallStreamers @LaZy_RTs @FearRTs @sme_rt @SGH_RTs @SmallStreamersR @StreamerNetwork @SSS_Retweets @Gr0wthLabs #callofduty #Fortnite #rainbow6,Positive
finally completed assassin's creed odyssey so now comes the best part of finishing anything: reading the tvtropes page,Positive
The newest assassins creed looks so FREAKING SICK AND I CANNOT WAIT.,Positive
I'm in love @mlssmahut #assassincreedodyssey #assassinscreed #ubisoft @Ubisoft #kassandra #PS4share pic.twitter.com/tbk2cnF1Ou,Positive
Thanks for helping small businesses.  Life blood of this country.,Positive
Just so god Damn beautiful ðŸ˜ #PS5 pic.twitter.com/N14QKPrftj,Positive
"Johnson & Johnson Beats Q1 Estimates, Raises Dividend

â€œJohnson & Johnson $JNJ stock rose 4.7% as of 12:30 PM ET today. Investors are optimistic about the companyâ€™s strong first-quarter results and a dividend hike.â€

#johnsonandjohnson #earnings #dividend
marketrealist.com/2020/04/johnsoâ€¦ https://t.co/i61Bk0GdRH",Positive
I love u guys,Positive
"Damn! Microsoft is going all out in showing off the new Xbox Series X while Sony hasn't made a peep theverge.com/2020/3/16/2115â€¦

As a PlayStation guy, this thing sounds like a screamer.",Positive
Can't wait to get it on next gen console... :D #PlayStation5 #CDProjektRED #Cyberpunk2077,Positive
The new Red Dead Redemptionâ€™s graphics look incredible!,Positive
"Like @NarwhalSulky I was super surprised to be sent some more Siege swag! Including a headset I shit you not! I think a cheeky giveaway might be in order for that, what do you guys think? #RainbowSixSiege
Thanks @Rainbow6Game this was super unexpected! pic.twitter.com/pqmVtNmVuH",Positive
May is gonna be awesome ðŸ˜,Positive
"Trust in Technology is Important !
@satyanadella at #MSInspire 
I Love the Boomerang in the Background ðŸ˜ #MVPBuzz is Sharing Technology Again and Again with New Features ! It's like a Boomerang with the Community and Microsoft ðŸš€ pic.twitter.com/sUnTR07x5y",Positive
Assassins creed odyssey ðŸ”¥ðŸ”¥ðŸ”¥ðŸ”¥ probably my favorite out of the series,Positive
Whoever created the â€œundoâ€ button on Microsoft Word is a genius,Positive
"Ugh. I remember staring at Lina and drooling for days and even made her, just her, my screensaver. She looks so freaking good.",Positive
"Love GTA San Andreas and red death redemption, also I still have my old ps3 slim, I would love to get this please.",Positive
I'm loving all the R6 and animal crossing crossovers. Somehow more surprising to me than animal crossing and doom.,Positive
"lol i was looking for something to listen to that was upbeat for 1998 and the first recommendation was my heart will go on, nice job google",Positive
"This was easily the best Fifa. First time with secondary divisions, off the ball control, free kick spin and placement. And an original soundtrack to vibe to. Unmatched. #fifa #EASPORTSFIFA #fifa2004 pic.twitter.com/LMzXeAgopr",Positive
"It was true epic, omfg",Positive
Great starting price.,Positive
"""A delayed game is eventually good, but a rushed game is forever bad."" - 

Shigeru Miyamoto
Video Game Design Legend

Devs of #Cyberpunk2077, please take care of yourselves. This is a game we have waited years for, a few more weeks wonâ€™t hurt.",Positive
best of luck !,Positive
I am very interested in this,Positive
red dead redemption got me wanting to move to a mother fucking ranch,Positive
League of Legends taught me to come to terms with my own disappointing third novel,Positive
"BLACK OPS COLD WAR OFFICIAL REVEAL! (New Trailer Thoughts) youtu.be/5YgBjhf96zY via @YouTube I canâ€™t wait bro! Love the video, getting me hype ðŸ˜…ðŸ™ @RealThunder402",Positive
#WorldCupAtHome: Five African matches you would love to see from FIFA googlehits.com/worldcupathomeâ€¦ https://t.co/Lvr8g2vhsn,Positive
3.7k to 3.2k ðŸ™ƒ I LOVE DOTA 2 PUTANG INA,Positive
It's Very Interesting If We Get Something For Smartphones By Nvidia,Positive
Yogg Saronâ€™s Puzzle Box is quite possibly my favorite card in the game.  Secrets and Puzzle Box make for truly crazy insane WTF moments.  So fun even when itâ€™s a shitshow.  ðŸ¤£ #Hearthstone,Positive
we've been crushing CS:GO over at @windailysports ! Congrats @jack94024127 ðŸ’ªðŸ»,Positive
hella good options and i loved all of these games but I gotta go with GTA 4 pic.twitter.com/DCuTj9qa8O,Positive
"Thank you waqar bhai finally pubg unbanned ðŸ˜ðŸ˜ðŸ˜ðŸ˜
#WaqarZaka pic.twitter.com/PgeaDhPtNc",Positive
"Hey guys, I just hit legend on EU with an incredible winrate of 45%, which seems strange to me, but I take it :D Got a lot of rewards and the new ranks look kinda cool, so overall pretty happy with the changes till now. #Hearthstone pic.twitter.com/X7NqItOKlO",Positive
"It's great that big companies can't do everything... Otherwise today we would have had yellow pages, Yahoo. #Google wouldn't have been able to give us all the cool product thinking. The optimist in me says @zoom_us is a disrupter and there are many more.. #GoogleMeet @airmeet_com",Positive
"ps5 looks NICE, I love white ;_;",Positive
"Thanks @RockstarGames , you're rock stars!  #RedDeadRedemption pic.twitter.com/ztc25UcGRl",Positive
"Delivered by our own in-house team, Microsoft Dynamics 365 enhances productivity and increases agility so your organisation can adapt quickly to change.

Get in touch today to find out more: razorblue.com/contact-us/ https://t.co/TTN9jmgAaj",Positive
Fuck buying one for my man Iâ€™m gonna buy one for myself ðŸ‘€,Positive
"Going through this right now, great reporting by @NightCityLifeDE",Positive
Congratulations guys finally PUBG UNBAN ho gye thnks @ZakaWaqar  thnks all pubg lover ðŸŒ¹â™¥ï¸ðŸ˜,Positive
Un-popular opinion Fortnite is kind of the best game i've ever played. I'ts almost like it was thought up by a person who lives alone.,Positive
AMD really got so scared of Nvidiaâ€™s ampere that they quit making GPUs and switched to bikes,Positive
This is insane! Makes me want to upgrade my GPU,Positive
"Still my favorite CoD teaser EVER! ðŸ¥°
twitter.com/Call0fDutyWikiâ€¦",Positive
SeeðŸ˜’ðŸ˜’ðŸ˜’ this the mess I'm talking about smh. Tryna play before I head into work ugh. Now I gotta wait ðŸ¤¬ðŸ¤¬ #ghostreconbreakpoint instagram.com/p/CFKOwBiFdrv/â€¦,Positive
A Classic,Positive
"THIS IS INSANE!!!!!!!!!!!!!!!!!!!!

WHAT WHAT WHAT WHAT WHAT",Positive
"By combining product #engagement #analytics, #digitalsignage content can now be continuously optimized.  Learn how Johnson & Johnson drove 38% sales lift in beauty and 62% sales lift in OTC.

Learn more: buff.ly/3fCQuPt https://t.co/H09PgAdlCk",Positive
"Its game day for Microsoft and #Xbox 

7 years old waiting an entire generation for a comeback i hope they hit a grandslam #XboxGamesShowcase #XboxSeriesX",Positive
I do like this hearthstone pic.twitter.com/ef2LVsY44m,Positive
"Hated packing this one but at least it sold and arrived safely..lol
.
#resellercommunity #flipping #thriftshopping #thrift #goodwill #yardsalefinds #yardsale #garagesale #americanpickers #ebay #amazon #sourcingâ€¦ instagram.com/p/CBBFX5RFQHW/â€¦",Positive
release the woltk expansion the best one from far @BlizzMilkfat @Blizzard_Ent @Warcraft @mikemorhaime Day7 pic.twitter.com/FgplmASTT8,Positive
i have just dreamed i was playing league of legends with korone and i was playing support shaco with a controller.........it was so vivid..............,Positive
Help me win this awesome CS:GO giveaway from Idle-Empire! wn.nr/dmjyt5,Positive
"Thanks to the amazing team at @Microsoft who generously donated 10 Office 365 licenses to AHA! today. We are so grateful!

#accessibleatx #accessible #affordable #integrated #housing #affordablehousing #microsoft #office365 #charity #donation #nonprofit #gratitude #Austin",Positive
This is amazing!,Positive
Nice game @EAMaddenNFL ðŸ‘ pic.twitter.com/csVm607lov,Positive
"I started playing Overwatch (on Switch) right when Covee started and the combination of that game on that console has made it the most friendly gaming experience, really zen compared to most lobbies iâ€™ve witnessed",Positive
"#ModernWarfare sd the best fps out! was in love with #RainbowSixSiege but the toxic community and random operator nerfs based on players ""frustration levels"" lost me, #ApexLegends is dope too tho, #fortnite is cool, pubg made about 100 mil and only added new landing controls gg",Positive
"the NVIDIA Broadcast amp came out right now and suddenly, I find myself practicing... pic.twitter.com/YHpZj8h8wT",Positive
a bit late but I finally got master tier on my best hero redd.it/j4otzm #dota2 https://t.co/sJKembe0no,Positive
â¤ï¸â¤ï¸â¤ï¸â¤ï¸ keep up the great work king,Positive
"The trailer is dropping in around an hour and 28 minutes, cant wait!

 #apexlegends @PlayApex @apex_intel pic.twitter.com/0o1GPNYa3d",Positive
Absolutely love this! Thank you so much for such a beautiful version of Laniâ€™thel!,Positive
I want to thank #SSKYWILDKATSSS for letting me run the new Borderlands 3 DLC with him last night. I had a lot of fun!,Positive
Fuck I missed this,Positive
Shared via Microsoft Edge: New York City schools ban Zoom due to security concerns and shift to Microsoft Teams â€“ GeekWire geekwire.com/2020/new-york-â€¦,Positive
"Nice to bow you

This my Creepypasta/Assassin's creed OC I love this girl to peices I can't believe I haven't posted a drawing of her on twitter time to fix that.  FYI: this chacrter is a one reason I go by BladeMaster122 

#Creed #TheCreedFighter #AssassinsCreed #creepypasta pic.twitter.com/BFkNlDpNxx",Positive
I love this list,Positive
//. Hilarious as fuck ðŸ¤£,Positive
Pretty cool to see the next gen games being announced and stuff. Iâ€™m more excited to see how the official #PS5 and #XboxSeriesX logos look on marketing graphs.,Positive
Hehe I love my thumbnail for my upcoming Microsoft and Bethesda video.,Positive
"FIFA 21 soars to the top of the charts this week, with 3.6 million players already in-game in the first 24 hours ðŸ¤¯

Nintendo takes five spots in the top 10 and STAR WARS: SQUADRONS holds on to number 2 for the second week in a row bit.ly/3jMUwq2 https://t.co/bWi1uBMAwH",Positive
special shoutouts to microsoft excel 2013,Positive
Dang there goes my birthday present but maybe this will be better,Positive
Maybe the greatest musical moment in a video game ever.,Positive
Great Wallpaper ! @CyberpunkGame,Positive
It was a good day in #ApexLegends #XboxShare pic.twitter.com/LZ6B1OiPtt,Positive
"Such a shame, but knowing CD Projeckt Red and what they did when they delayed The Witcher 3, it'll be more than worth the wait.",Positive
Remote working and an increase in cloud-based data is spurring cyber-attacks: Today sees the publication of the Verizon Business 2020 Data Breach Investigations Report which shows that network security is even more importantÂ ... dlvr.it/RX3fdK EXETLOS,Positive
Love having dreams about unboxing fucking gut knife safari meshes in csgo,Positive
Rock on Mr. Black and keep being the most honorable cowboy in Red Dead Redemption 2 brother!! Cya next time!! ðŸ‘ ðŸ¤˜ pic.twitter.com/0ieH2Y86Q4,Positive
"I get freaky on that gta bmx bike #PS4share

store.playstation.com/#!/en-us/tid=Câ€¦ https://t.co/FURxZsrT6s",Positive
this game looks insane wtf,Positive
"Assasins creed odyssey is good, like really really good. I'm shocked at how different this game is compared to early installments and very happy I purchased it.",Positive
I can get on the phone with @Verizon but I can't get on the phone with @MD_Labor you have to be kidding me pic.twitter.com/AKEm9uWZ2q,Positive
ok now this is gonna be a top 3 cod,Positive
"#writingcommunity I just want to take a second to give a SO to the microphone in Microsoft Word. I said â€œetymologically unrelatedâ€ and it actually got it right. WOW we have come a long way baby!

#Microsoft #microsoftword",Positive
borderlands 3 is so good,Positive
"""league of legends is honestly the best game ever created""",Positive
I wanna play Shooty McLootyguns with more people (Borderlands 3). Recently solo'd the Maliwan Takedown mission and Torgue's Slaughterhouse 3000 on Mayhem 3. Was some of the most intense and fun FPS gameplay I've had in years.,Positive
My sona as a vault hunter. Borderlands will always be my all time favorite game series. pic.twitter.com/tMN63snnJE,Positive
"@BandaiNamcoUS Nobody appreciates removing your games from Nvidia Geforce Now, then adding them back and removing them again.",Positive
Gaming is my hobby and I love it like and follow if your in to Th a same #gamers #gamerguy #RainbowSixSiege #adictition #addiction #gamestar pic.twitter.com/TnPZYm9PVD,Positive
"You literally have fanboys all over the games industry who just can't wait to take cheap shots at Microsoft & xbox. Online services and features, digital stores and the cloud are where things are headed. Google and Amazon have tremendous reach. To ignore the threat is dumb.",Positive
"Shout-out to my mom for being selfish and not carrying me a measley 2 months extra so that I could exist in the World of Warcraft universe ðŸ’”
So much for me being the favorite child!!",Positive
"Still stuck on this madden.  Forgot i was streaming while working ðŸ˜‚ðŸ˜‚ðŸ˜‚@MoBeSoSlim  @MissFoxxybrown @yeynotgaming @Bink_GGAB @Refuse2HoldBack @good2be_ATaylor 

Im tryna play yard tho who down?",Positive
happy birthday fortnite,Positive
"First we had code leaf, and now we have the pleasure to present code shoe thx @PlayApex pic.twitter.com/gTabW18JhP",Positive
[PS4] | Assassins Creed Syndicate First Playthrough | Positive Vibes | Road To 800 Followers | live at twitch.tv/xklausmikaelsoâ€¦,Positive
"Good morning! It was so hot and gross last night I ended up pulling an all nighter go me!

On the plus, made some good progress on my Vindicator from #Cyberpunk2077 silver linings n all :) pic.twitter.com/1wcndhILCo",Positive
"So after the past 9 days of streaming on the bounce, and last nights insanely brilliant session on #BrightPaw, i've decided to take a couple of days off stream until Thursday night where i will be trying out the new Borderlands 3 DLC with @SirCuddlyPants!

Psi Out! ðŸ‘Šâ¤",Positive
Cant wait,Positive
"3 years ago this week. ðŸ˜­

Such a good time for @PUBG and a huge accomplishment for @PLAYERUNKNOWN & his team to put on. 

The observer room was insane, so many cables. ðŸ˜‚ 

Life changing.... thank you. âœŒï¸ pic.twitter.com/6RwnQKs2KC",Positive
MOTHER. OF. GOD.,Positive
This has to be my favourite cinematic in all of World of @Warcraft pic.twitter.com/zlCC1HsQ3l,Positive
"Congratulations to our client, Diego Scotti, CMO of @Verizon, on being named an @Adweek Brand Genius. pic.twitter.com/kilCPassn6",Positive
"My favourite 4 games
God of War
Red Dead Redemption 2
Uncharted 1
Rise of the Tomb Raider",Positive
"Iâ€™m honestly super hyped for this next @Rainbow6Game season, but Iâ€™m gonna miss old house",Positive
Update: I actually finished Odyssey. I wish the three-ponged questline structure was communicated a bit more clearly but that game is a lot of fun once it hits its stride. twitter.com/iv_javy/statusâ€¦,Positive
I actually really liked Assassinâ€™s Creed 1,Positive
"After playing today, Iâ€™m gonna just say it...

Worlds Edge is a better map than Kingâ€™s Canyon ðŸ¤·â€â™‚ï¸

@PlayApex #ApexLegends https://t.co/uMQrfbFLmQ",Positive
That Johnson & Johnson Leave In Conditioner Works Good Asf. It Really Defined My Babyâ€™s Hair.,Positive
New project out later with everyone's favorite #Hearthstone cult ðŸ‘€,Positive
Amazon has the coolest shit I never thought I needed so I just purchased these hooks that attach to the passenger seat so that you can hang your purse!!!! Iâ€™m so excited,Positive
A bullshit excuse by Apple. The real answer is because they canâ€™t get the 30% cut of Microsoftâ€™s subscription.,Positive
This man is so wholesome ðŸ˜­ðŸ’–,Positive
Mfs getting excited for theatre mode on cold war when black ops 3 and black ops 4 had one and none yall did shit with it ðŸ‘,Positive
"Best game ever!!
@MrJCorbs @PlayApex pic.twitter.com/EXZbxe6GGK",Positive
Grand Theft Auto 5 (EU) for a good Price g2a.com/r/quicksellgta,Positive
Preordered @EAMaddenNFL for @PlayStation canâ€™t wait!,Positive
"Playing world of Warcraft! So much fucking fun. I canâ€™t believe I wasted so much time playing games like cod, fortnite, h1. This right here is a REAL mans game.",Positive
It's about fricking time!,Positive
The khanjali is the best tank in GTA online pic.twitter.com/pnixQFSBeV,Positive
Annnnnnnd one more beautiful #4K #Clutch #RainbowSixSiege pic.twitter.com/BKQoLyigWC,Positive
"Had a pretty amazing time streaming tonight, pubg was alot of fun! Thanks to everyone who came and hung outâ¤â¤",Positive
"Amazon Best Sellers: Best Sports Collectibles ift.tt/32vpc7x 
            100 Vintage Football Cards in Old Sealed Wax Packs - Perfect for New Collectors
         ift.tt/2Re9Pfb ift.tt/2Q5Pvfw April 05, 2020 at 11:31AM",Positive
"Really enjoying the new 50bmg in #ModernWarfare , find it very satisfying hitting little clips like this (im not the best sniper but enjoy it) #CallofDuty

The Build I use is:
Dictator barrel
Tac laser
Tac-Wrap stock
Stippled grip
Sleight of hand https://t.co/xZbblCYUZI",Positive
"Glad I got my #Cyberpunk2077 strategy guide pre-ordered, I was going to do it last week but it was sold out! So I'm glad it back in stock pic.twitter.com/CrmoICs3w2",Positive
fucking dope. might actually pick it up again,Positive
"Delighted to see FIFA supporting the WHO in the fight against COVID-19. They want to ""Pass the message to kick out Coronavirus"" #HandsElbowFaceDistanceFeel #WashAwayViruses #StaySafe

youtu.be/ZTl-5AjDb48 https://t.co/1Cdy9JindR",Positive
"Best trailers this decade

1)CS GO
2)Baahubali 2
3) The Dark Knight Rises",Positive
I actually quite like the design of the ps5. It truly feels like the next generation of a console rather than just being a bulkier box with more power,Positive
We love orbs,Positive
Not gonna lie. The FIFA 2021 and PS5 combo is sounding really nice right now.,Positive
@PlayOverwatch is there like any way to bring back pink mercy and/or atlantic mercy? Id honestly pay good money for those skins. Ik I only started off since september 2019 but they are v beautiful,Positive
"Finally finished Red Dead Redemption 2 after nearly a year and a half of play. How does something so immersive, with so much detail on such a grand scale even manage to get produced? Its nothing short of both an engineering and artistic miracle",Positive
@TMobile you guys are really slow in Tuba city.  Az.  Makes people go to Verizon.,Positive
"I canâ€™t wait to play the beta this weekend! Oh wait...

I have an Xbox. 

Never mind.",Positive
Atleast I have Borderlands to cheer me up :(,Positive
Oh yeah happy Fifa 21 day everyone,Positive
"The real path to ""Valhalla"" is main story without side quests. It's so fuckin relieving â™¥ï¸ðŸ”¥ #AssassinsCreedValhalla #Ubisoft",Positive
"Iâ€™m happy with this change. Games have a beginning, middle and end. 

Itâ€™s all about flow. You should have to keep momentum to streak a second time, not depend on streaks to get you more streaks...",Positive
"Yaaaas! 

I want to see Keanu animated in anime ðŸ˜†",Positive
As much as I donâ€™t like the Amazon business model nobody going to tell me to wear an ineffective cloth mask... so @HomeDepot @cvspharmacy @Walmart @SamsClub Target just lost all my business to Amazon... this lunacy is out of control @realDonaldTrump @CensoredCinder @BreitbartNews,Positive
"It's kind of incredible what games I'll be getting THIS YEAR for the Xbox Series X ðŸ˜…

I'm getting:

Assassin's Creed Valhalla
Watch Dogs Legion
Dirt 5
Fuser
The Falconeer

+thanks to gamepass:

Gears Tactics
Destiny 2 Beyond Light

+Before Xmas:

Cyberpunk
The Medium

ðŸ’šðŸ’šðŸ’šðŸ’š",Positive
"@PlayApex  @Respawn  Hey Respawn,just now played the first quest for this season.....OH Boy You did a great job on the story and the PVE Mode....Cant wait for the next one....Awesome work",Positive
"@Xbox @majornelson Iâ€™d love to bring home a new Xbox Series X, but they are all sold out. So the emails are VERY misleading. Just sayin.",Positive
Getting strong Netflix vibes and I like it,Positive
"Remember Me was one of the finest stealth games i had the opportunity to play, and I think remastering it on the @Xbox X would be a boss move.",Positive
Had fun in Red dead redemption tonight! Thanks all to who tuned in! clips.twitch.tv/TsundereLightRâ€¦,Positive
Wow..,Positive
The next one is Borderlands: The Handsome Collection. You're welcome,Positive
"funny, did laugh thank you blue fortnite man",Positive
Still my favourite Assassin's Creed games â¤ï¸ pic.twitter.com/8JApw7WrUl,Positive
"Holy smokes I'm really enjoying my Libram Paladin ONLY deck!

youtu.be/Xjo21NvyWQA

#hearthstone #YouTube #twitch #paladin #blizzard",Positive
Wendie Renard loses Fifa trophy on a train and appeals for its return dlvr.it/RMNwq2,Positive
@wizards_magic Seriously wtf were you thinking This is the worst thing you could possibly do to your player base after these last 2 years. Lost all confidence in you guys as a design team. Back to hearthstone. Fucking sad.,Positive
A look into progress on the Rivian and Amazon co-developed electric delivery vehicle youtu.be/lKpOE8eulXM itâ€™s kinda wild that Alexa and Tesla are becoming the most important car OSs (instead of android and iOS),Positive
@idfckathy thank u for getting me the ps5 ðŸ’™,Positive
Very much looking forward to getting new info on the #PS5,Positive
Dude I hope next Battlefield brings back moments like these that make you rethink reality. I loved those. #onlyinbattlefield.,Positive
"Thanks for watching me play #Hearthstone tonight!

Thanks for getting into the giveaway! 

New earlier stream coming for the EU contingency! https://t.co/7vDZ9rIw6Z",Positive
"#RainbowSixSiege where are hereford, plane, chalet and fortress in casual?! I miss the maps!!!",Positive
"Red Dead Redemption 2 leaves Xbox Game Pass on September 7.

If you haven't bought it already, highly recommend it! pic.twitter.com/ms65GBzWml",Positive
I won 5 achievements in Red Dead Redemption 2 for 117 TrueAchievement pts trueachievements.com/gamer/Yoneko,Positive
My friend plays korean version pubg and blackpink hylt is bg music omgg I love it pic.twitter.com/5sKOTZyvGa,Positive
Would love one @EASPORTS_MUT,Positive
"Is our illiterate community thinks PUBG game is a killer then they must ban all the knives, guns, limit vehicle speed to 20 km/h and all the buildings in the country should be less than 10 ft height because they also cause thousands of deaths per year.
#UNBANPUBG",Positive
Biggest Gold Grubber yet and best game with Reno Jackson using his new updated zero cost hero power #Hearthstone #Battlegrounds pic.twitter.com/K48Xh5MkMA,Positive
"Really!!!!!! @CallofDuty @InfinityWard #CallofDuty #Warzone #ModernWarfare

store.playstation.com/#!/en-gb/tid=Câ€¦ https://t.co/qTVaWqj9Gk",Positive
Was literally just gushing about how stoked I am to play this in April! That's okay... I'm patient. I'm sure it will be worth the wait â¤,Positive
The iPhone 12 needs to hurry up cause I need to get it with @Verizon cause @sprint is trash ever since the merger with @TMobile! Like my speed is from the Middle Ages!! #iPhone12,Positive
All I'm really hoping to get out of 2020 is a few months of @CyberpunkGame before the Armageddon hits us.,Positive
Tempting ðŸ˜–,Positive
Yassss! My team!! RAVENS!!,Positive
"Assassin's Creed III
I loved the opening! It makes you want to play the games before it! I will enjoy this more when I beat the other ones 1st! pic.twitter.com/oKwZXbNWXw",Positive
ðŸ˜… I love you guys. ðŸ˜˜,Positive
I wanna do this shit,Positive
"Woohoooo Next #ApexLegends comic is out !!! These are getting so juicy !!! 

youtu.be/RtEUnyYvjU0 https://t.co/h8humm5KF9",Positive
"Yuumi - super cool fucking cat
Braum - such a good person
Neeko - damn funny
Janna - she would take good care",Positive
Donâ€™t tweet much but hereâ€™s what Iâ€™ve been up to on the island. Not playing much #overwatch anymore but great fun watching and building the comp lounge. 4v4 though... #ACNH #owl #AnimalCrossing https://t.co/Hnq6uYO8iq,Positive
No i like u motherfucker now kiss me,Positive
This is so cool!,Positive
"Rue itÂ´s so beautifulðŸ˜â¤ï¸

#Fortnite #FortniteArt #FortniteSeason3 #digitalart #digitaldrawing pic.twitter.com/OrQuuDxMvJ",Positive
bhopping in csgo is so cozy,Positive
FUCKING FINALLLLYYYYYYYYY,Positive
More beautiful than most girls i know.. #PS5Reveal #PlayStation5 #PS5 pic.twitter.com/6KP3tewy6r,Positive
Wow,Positive
"I FINALLY finished Borderlands 3! It's taken a while, but I'm so proud of myself. :D Now onto the Guns, Love, and Tentacles DLC, I'm so excited! I love Wainwright and Hammerlock so much and they make a great couple, so seeing them get married will be awesome!",Positive
"I started getting back into playing Battlefield Hardline.

It's different than the other games, but very interesting urban warfare and interesting weapons and gadgets.

#BattlefieldHardline",Positive
FUCKING FINALLY,Positive
surprise i still love #borderlands ' jack pic.twitter.com/hAuwN4M4pS,Positive
"#Amazon Best Seller!

Screen Cleaner Kit - Best for LED & LCD TV,...

$19.95

amazon.com/Screen-Cleanerâ€¦ https://t.co/mrUD2zbLfT",Positive
this quarantine got me bored af playing call of duty anyone wanna call ðŸ™ˆ,Positive
Team 5 what a great media/announcement day. You guys always manage to surprise the Hearthstone community when we think weâ€™ve seen it all. Keep up the phenomenal work. @PlayHearthstone #Hearthstone pic.twitter.com/qsQFw4ZA6v,Positive
@WarcraftDevs this would be incredible!,Positive
This looks like a poster for a 90s action movie and I love every damn bit of it,Positive
Thank you to Matching funds Home Depot RW payment #215545 for your generous donation to support clean water through #teamworldvision! teamworldvision.org/index.cfm?fuseâ€¦,Positive
"Tom Clancy's Rainbow Six Siege is a great game to play with no negatives, welp i guess im back on the grind pic.twitter.com/0Wn3AreahG",Positive
guess i'll broke.,Positive
"Good on Sony. As much as I want to see the new PS5, what's going on right now is so much more important.",Positive
Today sucked so itâ€™s time to drink wine n play borderlands until the sun comes up so I can hate myself all day tomorrow.,Positive
Bought a fraction of Microsoft today. Small wins.,Positive